{
    "chunkSize": 16,
    "size": 16,
    "renderDistance": 256,
    "seed": "foray",
    "noiseRange": { "min": -0.0345691479742527, "max": 0.4923776388168335 },
    "rainRange": { "min": 0.0, "max": 0.7656956911087036 },
    "heatRange": { "min": 0.0, "max": 0.9335751533508301 },
    "terrainNoise": [
        {
            "enabled": true,
            "subtract": false,
            "noiseType": 0,
            "useMask": false,
            "octaves": 3,
            "strength": 0.39100000262260439,
            "baseRoughness": 0.003000000026077032,
            "roughness": 7.25,
            "persistence": 0.18000000715255738,
            "threshold": 0.1809999942779541,
            "offset": { "x": -1.8868025541305543, "y": 3.405092716217041, "z": -0.6299606561660767 }
        },
        {
            "enabled": true,
            "subtract": false,
            "noiseType": 0,
            "useMask": false,
            "octaves": 4,
            "strength": 0.03999999910593033,
            "baseRoughness": 0.0012000000569969416,
            "roughness": 5.46999979019165,
            "persistence": 0.5600000023841858,
            "threshold": 0.2160000056028366,
            "offset": { "x": -4.354938983917236, "y": -5.174858093261719, "z": -1.8663299083709717 }
        },
        {
            "enabled": true,
            "subtract": true,
            "noiseType": 0,
            "useMask": false,
            "octaves": 4,
            "strength": 0.07000000029802323,
            "baseRoughness": 0.014000000432133675,
            "roughness": 4.179999828338623,
            "persistence": 0.2199999988079071,
            "threshold": 0.31700000166893008,
            "offset": { "x": 6.418693542480469, "y": 3.1674516201019289, "z": -2.617382049560547 }
        },
        {
            "enabled": true,
            "subtract": true,
            "noiseType": 1,
            "useMask": true,
            "octaves": 3,
            "strength": 0.20000000298023225,
            "baseRoughness": 0.0071000000461936,
            "roughness": 2.2200000286102297,
            "persistence": 0.8500000238418579,
            "threshold": 0.5220000147819519,
            "offset": { "x": -1.0502374172210694, "y": 0.8952842950820923, "z": -4.544617176055908 }
        }
    ],
    "resourceNoise": [
        {
            "enabled": true,
            "subtract": false,
            "noiseType": 0,
            "useMask": false,
            "octaves": 4,
            "strength": 0.2919999957084656,
            "baseRoughness": 0.014700000174343586,
            "roughness": 2.4100000858306886,
            "persistence": 0.46000000834465029,
            "threshold": 0.33399999141693118,
            "offset": { "x": 0.7139182686805725, "y": -0.10130893439054489, "z": -1.1299587488174439 },
            "resource": { "instanceID": 19800 }
        },
        {
            "enabled": true,
            "subtract": false,
            "noiseType": 0,
            "useMask": false,
            "octaves": 4,
            "strength": 0.2919999957084656,
            "baseRoughness": 0.011699999682605267,
            "roughness": 3.9200000762939455,
            "persistence": 0.4000000059604645,
            "threshold": 0.30399999022483828,
            "offset": { "x": 0.10816512256860733, "y": 0.3480468690395355, "z": 1.0869674682617188 },
            "resource": { "instanceID": 19764 }
        },
        {
            "enabled": true,
            "subtract": false,
            "noiseType": 0,
            "useMask": false,
            "octaves": 4,
            "strength": 0.382999986410141,
            "baseRoughness": 0.015799999237060548,
            "roughness": 2.4700000286102297,
            "persistence": 0.4000000059604645,
            "threshold": 0.36899998784065249,
            "offset": { "x": 0.14169909060001374, "y": 0.16015954315662385, "z": -0.014127496629953385 },
            "resource": { "instanceID": 19780 }
        },
        {
            "enabled": true,
            "subtract": false,
            "noiseType": 0,
            "useMask": false,
            "octaves": 4,
            "strength": 0.4189999997615814,
            "baseRoughness": 0.02199999988079071,
            "roughness": 4.090000152587891,
            "persistence": 0.3199999928474426,
            "threshold": 0.35100001096725466,
            "offset": { "x": 0.587763786315918, "y": 0.5429738163948059, "z": 0.31881672143936159 },
            "resource": { "instanceID": 19790 }
        },
        {
            "enabled": true,
            "subtract": false,
            "noiseType": 0,
            "useMask": false,
            "octaves": 3,
            "strength": 0.48399999737739565,
            "baseRoughness": 0.020400000736117364,
            "roughness": 5.610000133514404,
            "persistence": 0.2800000011920929,
            "threshold": 0.3569999933242798,
            "offset": { "x": -0.1746826022863388, "y": 0.016748327761888505, "z": -0.07056264579296112 },
            "resource": { "instanceID": 19770 }
        }
    ],
    "biomeNoise": [
        {
            "enabled": true,
            "subtract": false,
            "noiseType": 0,
            "useMask": false,
            "octaves": 4,
            "strength": 1.0,
            "baseRoughness": 0.002749999985098839,
            "roughness": 3.0399999618530275,
            "persistence": 0.2800000011920929,
            "threshold": 0.4560000002384186,
            "offset": { "x": 0.5075531601905823, "y": 0.17293588817119599, "z": 0.5928353071212769 }
        },
        {
            "enabled": false,
            "subtract": false,
            "noiseType": 0,
            "useMask": false,
            "octaves": 4,
            "strength": 1.0,
            "baseRoughness": 0.002749999985098839,
            "roughness": 3.259999990463257,
            "persistence": 0.30000001192092898,
            "threshold": 0.33399999141693118,
            "offset": { "x": -0.4888535439968109, "y": 2.1736233234405519, "z": 2.243095874786377 }
        }
    ],
    "showNeighbours": false
}
